,city,Temperature,Longitude,Latitude,Cloudiness,Wind Speed,Humidity
0,chibougamau,16.79,-74.3659,49.9168,75,1.03,82
1,amuntai,28.39,115.2494,-2.4177,100,1.29,68
2,puerto natales,-1.19,-72.4875,-51.7236,100,1.09,86
3,klyuchi,29.68,79.1667,52.2667,80,4.0,45
4,port mathurin,23.2,63.4167,-19.6833,23,10.29,74
5,haiku-pauwela,25.1,-156.3051,20.9219,40,11.83,71
6,enewetak,28.42,162.3373,11.3474,24,8.45,78
7,port-aux-francais,1.49,70.2167,-49.35,100,14.45,65
8,wailua homesteads,24.78,-159.378,22.0669,100,7.72,83
9,snyder,32.14,-100.9176,32.7179,0,3.09,29
10,zhezqazghan,23.32,67.7667,47.7833,0,7.0,46
11,tiksi,12.76,128.8694,71.6872,95,6.05,56
12,adamstown,22.58,-130.1015,-25.066,100,6.33,89
13,pont rouge,14.06,-72.0825,48.8833,100,2.56,89
14,west island,27.99,96.8225,-12.1568,75,6.69,78
15,grytviken,-3.83,-36.5092,-54.2811,78,3.92,87
16,udachny,23.8,112.4,66.4167,26,8.26,34
17,happy valley-goose bay,14.17,-60.3315,53.3168,40,4.63,77
18,tazovsky,16.5,78.7,67.4667,64,0.31,66
19,polyarnyy,12.14,33.4478,69.1989,6,3.7,71
20,port elizabeth,16.29,25.5701,-33.918,0,3.6,77
21,yuzhno-kurilsk,8.77,145.8556,44.0306,100,5.31,97
22,aykhal,22.26,111.5,66.0,19,7.59,35
23,port douglas,23.72,145.4667,-16.4833,85,5.75,70
24,fort bragg,28.01,-79.006,35.139,0,4.63,77
25,nova vicosa,23.18,-39.3719,-17.8919,80,3.21,87
26,colonia,13.95,6.95,50.9333,0,1.54,88
27,bouarfa,23.15,-1.95,32.53,5,2.0,19
28,nemuro,9.49,145.575,43.3236,100,6.18,98
29,aflou,19.69,2.1023,34.1128,28,2.5,35
30,porto velho,27.03,-63.9039,-8.7619,0,0.0,78
31,yemetsk,6.96,41.7941,63.4721,75,2.03,82
32,shache,30.03,77.2406,38.4167,100,8.45,22
33,taoudenni,36.59,-3.9836,22.6783,31,4.45,8
34,rawson,4.56,-65.1023,-43.3002,31,7.08,78
35,bredasdorp,12.11,20.0403,-34.5322,9,1.9,81
36,malpica,15.77,-8.8105,43.3228,99,5.69,82
37,papatowai,9.87,169.4708,-46.5619,99,5.22,94
38,puerto ayora,20.86,-90.3518,-0.7393,60,3.66,100
39,fale old settlement,28.06,-171.2468,-9.3852,99,9.45,78
40,carnarvon,19.4,113.6333,-24.8667,0,7.99,43
41,kembe,21.22,21.8865,4.6228,100,0.4,91
42,anadyr,7.78,177.4833,64.75,20,6.71,70
43,hoemul-li,17.7,129.67,41.4339,53,3.02,76
44,ilulissat,1.01,-51.1,69.2167,100,1.54,100
45,kingston,29.53,-76.7936,17.997,100,6.17,70
46,edinburgh of the seven seas,14.63,-12.3116,-37.0676,92,12.36,78
47,borogontsy,24.55,131.1683,62.6683,19,3.48,32
48,ringim,28.59,9.1619,12.1548,20,6.03,62
49,waitangi,11.57,-176.5597,-43.9535,100,2.24,77
50,longyearbyen,6.91,15.6401,78.2186,75,4.12,81
51,antofagasta,14.6,-70.4,-23.65,44,2.02,80
52,tuban,29.6,112.0649,-6.8976,94,3.26,65
53,hamilton,23.59,-84.5333,39.1834,40,3.09,79
54,gadzhiyevo,12.11,33.3362,69.2551,6,3.57,71
55,fukuecho,24.2,128.8419,32.6881,75,2.06,94
56,saipan,31.39,145.701,15.1355,40,7.2,74
57,borba,24.74,-59.5939,-4.3878,21,1.42,79
58,pitimbu,23.33,-34.8086,-7.4706,21,3.6,82
59,albany,23.36,-73.9662,42.6001,100,4.3,73
60,bonthe,25.27,-12.505,7.5264,81,2.43,90
61,constantia,18.38,28.65,44.1833,85,2.67,68
62,ocean shores,15.01,-124.1563,46.9737,0,5.66,84
63,ancud,6.56,-73.8203,-41.8697,73,4.66,88
64,angaur state,29.41,134.13,6.906,21,4.8,73
65,invercargill,12.23,168.35,-46.4,36,2.68,85
66,bilibino,17.99,166.4372,68.0546,100,3.34,41
67,newman,33.09,-121.0208,37.3138,0,1.79,43
68,bethel,22.58,-73.414,41.3712,0,0.0,87
69,college,26.71,-147.8028,64.8569,75,2.57,24
70,petropavlovsk-kamchatsky,9.33,158.6483,53.0452,75,4.0,71
71,el bolson,1.29,-71.5167,-41.9667,97,0.21,97
72,jamestown,19.75,-79.2353,42.097,100,4.12,88
73,alofi,24.94,-169.9187,-19.0595,75,8.23,61
74,saldanha,12.03,17.9442,-33.0117,0,2.57,92
75,hami,34.42,93.45,42.8,0,2.95,9
76,harper,25.11,-7.7169,4.375,90,3.99,88
77,burnie,13.03,145.9167,-41.0667,100,4.04,71
78,hermanus,11.0,19.2345,-34.4187,4,1.85,75
79,olonkinbyen,4.48,-8.7187,70.9221,100,2.59,100
80,port lincoln,14.07,135.8667,-34.7333,49,7.71,57
81,kodiak,16.73,-152.4072,57.79,40,2.06,59
82,atherton,12.93,-2.4935,53.5237,8,0.78,89
83,margaret river,13.28,115.0667,-33.95,99,4.94,78
84,ushuaia,-3.19,-68.3,-54.8,0,2.06,68
85,ulsteinvik,11.49,5.8487,62.3432,41,3.58,74
86,camayenne,24.05,-13.6878,9.535,75,3.09,94
87,reggane,34.46,0.1714,26.7158,0,4.02,9
88,youkounkoun,25.7,-13.1333,12.5333,94,1.97,86
89,corumba,23.67,-57.6533,-19.0092,2,0.36,51
90,horta,21.12,-28.6333,38.5333,28,3.58,97
91,tucurui,25.03,-49.6725,-3.7661,100,1.33,67
92,edd,32.26,41.6925,13.9297,94,1.45,53
93,vilyuchinsk,10.15,158.4028,52.9306,100,3.02,81
94,geiro,11.16,36.8667,-6.15,9,1.09,84
95,remire-montjoly,24.02,-52.2667,4.9167,100,1.03,100
96,nafada,27.26,11.3327,11.0956,100,5.28,63
97,nguigmi,29.77,13.1092,14.2495,100,8.15,54
98,dara,27.05,-15.4799,15.3484,5,4.95,58
99,ketchikan,15.23,-131.6461,55.3422,20,5.66,63
100,chifeng,24.46,118.9636,42.2683,1,6.26,29
101,bardai,23.86,7.2333,11.65,89,2.39,83
102,labytnangi,13.44,66.4183,66.6572,89,6.12,59
103,nar'yan-mar,10.01,53.087,67.6713,99,5.64,70
104,blackmans bay,10.96,147.3167,-43.0167,90,0.89,74
105,batie,24.99,-2.9167,9.8833,98,2.4,75
106,barcelos,18.1,-8.6151,41.5388,59,1.42,85
107,talnakh,13.28,88.3972,69.4865,100,3.37,81
108,lishui,28.32,119.9103,28.4604,100,1.8,90
109,yellowknife,18.01,-114.3525,62.456,75,8.75,62
110,ypsonas,24.5,32.9574,34.6884,0,1.03,83
111,ituango,16.86,-75.764,7.1712,96,0.57,98
112,kismayo,24.97,42.5454,-0.3582,78,7.37,82
113,araguaina,25.32,-48.2072,-7.1911,15,1.04,44
114,yaroslavskiy,12.52,132.2072,44.1683,100,5.63,95
115,iqaluit,1.5,-68.5145,63.7506,100,1.03,93
116,neiafu,27.38,-173.9833,-18.65,40,4.63,61
117,kolonia town,32.0,158.206,6.964,100,3.6,66
118,corinto,23.83,22.9573,37.9407,0,0.98,43
119,pisco,17.03,-76.2167,-13.7,100,4.12,88
120,thompson,25.09,-97.8558,55.7435,75,2.57,36
121,sinop,18.15,34.8709,41.7711,0,2.73,38
122,kuzovatovo,13.22,47.6866,53.5468,1,5.22,76
123,mossel bay,10.96,22.146,-34.1831,0,0.93,80
124,afaahiti,25.93,-149.2833,-17.75,43,7.1,72
125,ashburton,13.04,145.0794,-37.8626,98,3.58,61
126,mazamari,23.44,-74.5308,-11.3258,83,0.79,77
127,avarua,23.03,-159.775,-21.2078,40,2.57,53
128,detroit lakes,21.03,-95.8453,46.8172,0,1.54,68
129,la ronge,21.14,-105.2842,55.1001,75,2.57,49
130,weno,28.85,151.8468,7.4515,96,7.04,79
131,ribeira grande,21.54,-28.7,38.5167,13,3.58,97
132,laguna,33.05,-121.4238,38.421,0,4.12,30
133,linkou,13.07,130.2833,45.3,100,1.26,97
134,male,27.97,73.5089,4.1748,100,5.14,89
135,konarka,31.2,86.1167,19.9,79,6.13,70
136,howrah,31.0,88.3103,22.5892,40,2.57,84
137,naples,20.25,14.25,40.8333,0,1.54,77
138,shendi,32.39,33.4341,16.6915,94,7.01,41
139,buulobarde,22.98,45.5674,3.8538,97,6.6,85
140,kholmsk,8.63,142.0569,47.0511,100,5.76,93
141,waingapu,28.46,120.2641,-9.6567,78,5.64,58
142,whitehorse,18.49,-135.0538,60.7161,40,2.06,48
143,georgetown,26.97,100.3354,5.4112,20,3.09,65
144,peace river,14.17,-117.286,56.2501,100,4.63,88
145,lorengau,30.01,147.2712,-2.0226,72,3.63,69
146,menongue,8.42,17.691,-14.6585,0,1.65,68
147,ballina,20.43,153.5667,-28.8667,58,3.32,67
148,port alfred,19.32,26.891,-33.5906,0,2.68,48
149,ranot,29.56,100.3213,7.7777,100,5.35,66
150,callao,17.18,-77.15,-12.0667,100,2.06,77
151,vadso,10.09,29.7487,70.0744,40,2.57,81
152,hobyo,25.66,48.5268,5.3505,96,9.58,77
153,morant bay,29.79,-76.4093,17.8815,100,2.39,87
154,arhavi,20.95,41.3069,41.3492,2,0.41,72
155,fort st. john,16.94,-120.8529,56.2499,75,5.14,63
156,bubaque,26.21,-15.8333,11.2833,90,1.58,87
157,sitka,12.94,-135.33,57.0531,100,2.06,82
158,egersund,10.05,5.9997,58.4513,5,5.1,90
159,yaren,28.87,166.916,-0.5472,80,3.9,72
160,krasnokamensk,24.63,118.0369,50.0979,77,2.52,38
161,fort mcmurray,16.73,-111.381,56.7268,40,3.09,82
162,lycksele,8.93,18.6735,64.5954,45,1.03,87
163,berezovo,19.15,65.0419,63.9381,75,6.19,64
164,rundu,9.43,19.7667,-17.9333,0,2.85,64
165,sandnessjoen,10.29,12.6316,66.0217,100,9.66,85
166,verkhnevilyuysk,23.36,120.3167,63.4453,66,2.16,38
167,hammerfest,11.25,23.6821,70.6634,100,2.57,93
168,xique xique,23.55,-42.7311,-10.8217,20,6.12,59
169,hithadhoo,28.62,73.0833,-0.6,6,1.81,73
170,simplicio mendes,22.26,-41.9103,-7.8539,18,2.12,63
171,la passe,14.13,-0.8967,45.5549,0,2.89,89
172,lebu,6.77,-73.65,-37.6167,27,2.6,84
173,baikonur,24.64,63.3167,45.6167,62,5.82,34
174,buala,28.82,159.5921,-8.145,90,3.87,78
175,viqueque,26.66,126.3658,-8.8673,63,2.99,69
176,canutama,25.37,-64.3831,-6.5339,56,1.39,60
177,krasnyy yar,21.96,48.3456,46.5331,59,0.83,33
178,east london,18.77,27.9116,-33.0153,0,2.89,46
179,island harbour,13.53,-1.2758,50.724,4,1.98,64
180,kenai,15.03,-151.2583,60.5544,0,5.66,72
181,mantua,18.41,10.7833,45.1667,98,0.89,93
182,hafar al-batin,33.32,45.9708,28.4328,0,4.12,15
183,kargasok,24.22,80.8572,59.0556,64,3.33,66
184,chonchi,3.95,-73.8092,-42.6128,60,1.65,96
185,takoradi,24.59,-1.7554,4.8845,30,2.45,92
186,atafu village,28.05,-172.5159,-8.5421,94,8.76,79
187,isafjordur,6.27,-23.124,66.0755,49,3.44,82
188,sabang,28.81,95.3214,5.8933,100,4.81,69
189,ranau,22.99,116.6641,5.9538,99,0.07,86
190,morehead city,27.24,-76.726,34.7229,75,7.2,85
191,flying fish cove,26.82,105.6791,-10.4217,75,6.69,73
192,miyaly,18.07,53.7836,48.8844,4,9.28,58
193,mili,28.97,171.735,6.0815,32,6.62,75
194,nouadhibou,18.26,-17.0347,20.931,0,8.98,90
195,dhromolaxia,24.38,33.5868,34.8755,0,2.57,82
196,gambiran satu,23.73,114.1464,-8.3939,99,2.27,92
197,revda,15.96,59.9303,56.801,89,2.73,93
198,tolanaro,19.46,46.9987,-25.0319,88,4.35,82
199,aasiaat,2.19,-52.8699,68.7098,99,3.88,87
200,siwa oasis,28.13,25.5195,29.2041,0,2.05,27
201,agat village,31.68,144.6585,13.3886,40,9.77,74
202,aldinga beach,11.23,138.4604,-35.2793,97,10.64,78
203,fayroz koh,16.75,65.2509,34.5195,0,1.27,50
204,lamu,25.3,40.902,-2.2717,99,7.99,78
205,hadibu,27.53,54.0333,12.65,100,11.39,82
206,salalah,30.05,54.0924,17.0151,100,1.54,84
207,punta arenas,-9.94,-70.9167,-53.15,0,3.6,92
208,yuxi,19.88,102.5422,24.355,100,1.35,94
209,la mira,26.3,-102.3266,18.035,70,0.21,82
210,nagram,33.03,81.1333,26.6167,13,3.6,39
211,mana,25.09,-53.7767,5.6592,100,2.08,89
212,kapa'a,25.39,-159.319,22.0752,100,7.72,83
213,saint-philippe,17.77,55.7679,-21.3585,37,5.64,79
214,trujillo,16.98,-79.03,-8.116,20,4.12,88
215,holualoa,24.78,-155.9522,19.6228,100,3.6,86
216,freetown,26.01,-13.2299,8.484,98,1.86,85
217,el amria,20.9,-1.0158,35.5244,76,2.96,68
218,mahibadhoo,28.78,72.9667,3.7833,96,6.07,75
219,hexham,11.2,-2.104,54.9699,4,1.98,93
220,murzuq,27.88,13.9184,25.9155,0,3.43,20
221,kapuskasing,19.0,-82.4331,49.4169,75,3.09,72
222,korla,35.43,86.1469,41.7597,10,7.74,8
223,banda aceh,28.35,95.3222,5.5577,100,3.99,72
224,luena,10.62,19.9167,-11.7833,0,2.6,68
225,castillos,7.85,-53.8333,-34.1667,41,3.34,84
226,fortuna,14.38,-124.1573,40.5982,75,4.63,79
227,ivolginsk,22.81,107.2837,51.7492,20,2.0,60
228,carutapera,24.06,-46.02,-1.195,100,2.62,93
229,northam,15.16,-4.2167,51.0333,24,1.18,95
230,utrik,28.09,169.8474,11.2278,46,8.98,80
231,xiaoweizhai,22.64,107.5125,26.1903,100,1.24,95
232,lata,18.84,-8.3327,40.1629,51,0.89,83
233,tura,28.27,90.2201,25.5198,100,2.8,83
234,padang,31.03,100.3543,-0.9492,69,1.34,68
235,kapoeta,23.48,33.5903,4.7717,100,0.72,67
236,minas de marcona,12.02,-75.1103,-15.2119,46,5.58,89
237,lompoc,21.69,-120.4579,34.6391,0,3.09,65
238,sao jose da coroa grande,24.91,-35.1478,-8.8978,12,2.88,78
239,belmonte,23.61,-38.8828,-15.8631,42,2.62,83
240,cape canaveral,26.18,-80.6048,28.4058,75,3.09,85
241,hudiksvall,13.2,17.1036,61.729,100,4.02,60
242,ventspils,16.96,21.5606,57.3894,100,3.09,94
243,rongelap,28.32,166.8941,11.1635,60,9.11,79
244,dunedin,9.71,170.5036,-45.8742,100,4.63,96
245,oak bay,16.04,-123.3026,48.4496,40,7.2,60
246,christchurch,11.34,172.6333,-43.5333,100,0.51,89
247,okhotsk,11.96,143.3,59.3833,68,4.28,79
248,alghero,17.05,8.3181,40.5589,20,1.03,88
249,svetlyy,15.03,20.1347,54.675,100,5.89,87
250,bocas del toro,24.47,-82.25,9.3333,100,2.37,81
251,nogliki,10.44,143.1667,51.8333,3,7.26,75
252,qaqortoq,1.29,-46.0333,60.7167,100,1.83,96
253,divino das laranjeiras,19.82,-41.4797,-18.7778,3,1.47,83
254,vorkuta,15.8,64.0,67.5,100,2.03,58
255,barranca,16.94,-77.7667,-10.75,12,3.57,84
256,lethem,23.93,-59.7968,3.3803,67,0.79,90
257,lagoa,20.68,-27.9833,39.05,2,5.54,92
258,hawaiian paradise park,25.4,-154.9731,19.5933,100,4.63,80
259,vrede,4.82,29.1659,-27.4257,0,0.64,72
260,pijijiapan,25.59,-93.23,15.7011,97,1.15,93
261,ilha de mocambique,22.92,40.7358,-15.0342,0,6.78,76
262,geraldton,15.23,114.6,-28.7667,0,7.2,63
263,redencao,22.44,-38.7306,-4.2258,94,0.69,95
264,tazacorte,19.53,-17.9293,28.629,75,4.63,91
265,lubao,31.84,120.55,14.9167,77,2.15,67
266,knoxville,23.45,-83.9207,35.9606,100,2.57,93
267,el ocotito,22.46,-99.5667,17.25,92,0.39,94
268,ust-nera,24.66,143.2,64.5667,69,1.82,33
269,addis ababa,13.49,38.7469,9.025,75,2.06,94
270,puerto aysen,2.84,-72.7,-45.4,99,0.87,95
271,mournies,28.68,24.0092,35.4764,0,0.0,56
272,port shepstone,15.79,30.455,-30.7414,0,4.73,79
273,itoman,30.42,127.6694,26.1247,20,7.72,83
274,kabalo,21.97,26.9167,-6.05,57,3.05,51
275,tharangambadi,27.78,79.8528,11.0319,100,6.07,71
276,umm al quwain city,33.17,55.5552,25.5647,24,1.81,57
277,ljusdal,11.97,16.0913,61.8288,92,2.87,64
278,vylkove,20.16,29.586,45.4021,93,1.43,59
279,kardla,15.59,22.7492,58.9978,70,0.65,80
280,severo-yeniseyskiy,18.59,93.0408,60.3725,6,4.04,47
281,yangambi,20.72,24.4336,0.8102,89,1.2,95
282,gelnica,15.11,20.9371,48.8558,0,2.48,88
283,lihue,25.15,-159.3672,21.9789,100,7.72,79
284,cova figueira,20.19,-24.2934,14.8905,16,5.8,82
285,sur,32.82,59.5289,22.5667,100,0.65,56
286,mount gambier,13.59,140.7667,-37.8333,5,6.63,47
287,santana,28.1,-51.1817,-0.0583,0,3.09,89
288,salpazari,18.93,39.1956,40.9411,5,1.73,76
289,al jubayl,33.75,49.6583,27.0112,0,2.14,49
290,susuman,21.6,148.1667,62.7833,64,0.76,37
291,bocsa,19.5,21.7092,45.3733,100,1.28,95
292,franceville,22.83,13.5836,-1.6333,90,0.61,87
293,apolinario saravia,11.88,-63.9954,-24.4328,100,6.77,82
294,tindouf,26.25,-8.1474,27.6711,0,6.69,47
295,grabow,13.29,11.5667,53.2833,9,1.67,93
296,praia da vitoria,21.14,-27.0667,38.7333,40,2.66,94
297,sechura,18.92,-80.8222,-5.5569,0,6.36,79
298,bayanhongor,19.19,100.1167,46.7167,87,1.51,28
299,codrington,13.9,141.9667,-38.2667,74,9.58,48
300,cabo san lucas,24.31,-109.9124,22.8909,50,4.47,75
301,mugia,16.06,-9.2179,43.1041,99,8.36,95
302,eyl,26.88,49.8164,7.9803,100,11.35,62
303,tamanrasset,27.95,5.5228,22.785,6,2.57,21
304,yanacancha,3.08,-76.6456,-10.2411,6,0.26,91
305,blythe,43.25,-114.5964,33.6103,0,4.63,20
306,luis correia,25.74,-41.6669,-2.8792,96,5.98,81
307,vernon,20.49,-119.2691,50.2581,0,6.71,35
308,mongo,24.71,18.693,12.1844,100,6.1,75
309,bella vista,27.3,-94.2316,36.4295,0,3.09,84
310,onguday,24.05,86.15,50.75,100,0.97,54
311,finspang,11.04,15.7674,58.7058,46,1.73,97
312,saudarkrokur,6.28,-19.6394,65.7461,89,4.54,85
313,toliara,18.72,43.6667,-23.35,0,5.29,80
314,jizzax,28.68,67.8422,40.1158,99,3.24,22
315,upata,24.0,-62.3989,8.0086,100,1.18,96
316,kailua-kona,26.52,-155.9956,19.6406,100,3.6,85
317,polski trambesh,14.3,25.6497,43.3836,100,2.02,69
318,uturoa,25.08,-151.4333,-16.7333,10,7.93,68
319,six-fours-les-plages,17.1,5.84,43.0938,46,1.34,75
320,warmbad,15.12,18.7333,-28.45,0,4.88,29
321,acapulco de juarez,26.86,-99.8901,16.8634,71,1.91,83
322,antsiranana,22.05,49.2917,-12.2787,7,6.72,75
323,mahina,26.87,-149.489,-17.5065,40,9.26,61
324,lionel town,27.17,-77.2406,17.8101,100,2.02,89
325,tianpeng,25.26,103.9393,30.9866,100,1.39,55
326,maintirano,20.91,44.0167,-18.0667,1,2.54,75
327,nieuw amsterdam,24.09,-55.0833,5.8833,99,2.69,90
328,daru,25.88,143.2092,-9.0763,98,6.01,90
329,palmer,22.87,-72.3287,42.1584,75,4.12,77
330,hinton,14.01,-117.5857,53.4001,89,2.32,66
331,turriff,12.1,-2.4593,57.5384,29,3.17,92
332,labasa,26.44,179.3833,-16.4167,100,4.53,67
333,igrim,20.41,64.4162,63.1906,53,5.17,63
334,mirny,22.57,113.9611,62.5353,53,3.75,32
335,nantucket,21.19,-70.0995,41.2835,100,9.26,100
336,ngereklmadel,32.05,134.4856,7.4883,75,3.09,66
337,sao felix do xingu,24.02,-51.995,-6.6447,78,0.5,56
338,xilin hot,21.87,116.0333,43.9667,73,4.68,34
339,del rio,33.27,-100.8968,29.3627,0,5.14,45
340,piranshahr,19.91,45.1413,36.701,9,2.06,63
341,keflavik,6.24,-22.5624,64.0049,75,5.14,93
342,belyy yar,24.94,91.3903,53.6039,0,2.0,50
343,augusto correa,23.15,-46.635,-1.0217,100,1.17,96
344,ramadi,31.64,43.3058,33.4226,0,4.21,18
345,ndele,20.58,20.6473,8.4109,97,1.58,97
346,rio grande,13.3,-52.0986,-32.035,100,6.15,79
347,pimentel,18.16,-79.9342,-6.8367,75,8.23,82
348,dudinka,15.5,86.1778,69.4058,100,1.67,81
349,itacarambi,21.11,-44.0919,-15.1022,49,0.55,56
350,marsh harbour,27.57,-77.0636,26.5412,90,5.71,80
351,san antonio de pale,23.5,5.6325,-1.4014,100,5.57,87
352,vilhena,21.15,-60.1458,-12.7406,0,0.9,59
353,santa marta de ortigueira,17.28,-7.85,43.6833,99,4.96,100
354,kati,27.67,-8.0726,12.7441,4,1.97,62
355,saint helens,13.11,-2.7333,53.45,23,1.03,91
356,santa maria da vitoria,20.21,-44.1886,-13.3947,5,0.9,57
357,ocara,22.02,-38.5967,-4.4908,97,0.84,96
358,kingscliff,20.94,153.5667,-28.2667,20,5.14,60
359,hemsby,14.57,1.6918,52.6971,88,3.26,89
360,alice springs,16.75,133.8833,-23.7,0,4.12,29
361,bairnsdale,13.3,147.6167,-37.8333,100,0.34,45
362,saint-georges,28.82,-61.7485,12.0564,40,5.66,84
363,taltal,14.66,-70.4833,-25.4,0,1.71,76
364,howard springs,28.21,131.047,-12.497,12,3.3,49
365,sisimiut,3.44,-53.6735,66.9395,98,2.59,88
366,petrovskaya,21.02,37.955,45.4314,12,1.96,61
367,las tunas,22.74,-76.9511,20.9617,100,2.11,97
368,port saint john's,16.87,29.5448,-31.6229,0,2.9,60
369,paka,29.99,103.4368,4.6374,95,3.29,68
370,usogorsk,7.32,48.6872,63.4106,95,2.52,71
371,zaozersk,12.12,32.4476,69.4005,10,2.02,72
372,portland,19.0,-122.6762,45.5234,75,5.66,60
373,vorgashor,15.72,63.95,67.5833,99,2.38,56
374,sao francisco,21.09,-44.8644,-15.9486,52,0.99,58
375,papao,26.82,-149.55,-17.75,38,5.62,71
376,adel,28.13,-83.4235,31.1371,23,0.45,79
377,wuhai,21.89,106.8122,39.6647,6,0.2,29
378,kruisfontein,12.36,24.7314,-34.0033,0,2.29,75
379,stanley,9.96,-1.6985,54.868,0,2.57,92
380,nyurba,23.03,118.3319,63.2842,100,1.87,43
381,korsakov,6.91,142.7813,46.6328,100,9.04,95
382,okoneshnikovo,22.41,75.0834,54.8377,100,3.04,78
383,machico,20.36,-16.7667,32.7,40,9.26,81
384,'ali al gharbi,35.95,46.6864,32.4633,42,7.84,14
385,suntar,23.37,117.6319,62.1444,25,2.32,36
386,trairi,25.0,-39.2689,-3.2778,89,3.88,87
387,bodo,11.01,14.405,67.28,75,11.83,88
388,aral,35.31,81.2636,40.5156,96,4.35,10
389,olyokminsk,26.48,120.4264,60.3736,82,3.56,32
390,naracoorte,13.7,140.7383,-36.9579,16,8.39,47
391,hanak,12.77,42.8472,41.2336,0,0.67,86
392,freeport,23.24,-73.5832,40.6576,20,10.73,83
393,bhag,37.91,67.8239,29.0415,0,3.03,25
394,port hedland,26.03,118.5667,-20.3167,3,8.75,29
395,upington,13.21,21.2561,-28.4478,0,4.12,41
396,douentza,35.16,-2.9517,14.9951,44,2.35,33
397,kununurra,24.99,128.7333,-15.7667,4,4.63,22
398,alaghsas,28.88,8.0168,17.0187,100,3.24,46
399,sumenep,29.99,113.8667,-7.0167,95,6.04,68
400,egilsstadir,7.95,-14.3948,65.2653,0,3.09,76
401,panama city beach,28.09,-85.8055,30.1766,0,2.06,83
402,lupane,9.09,27.807,-18.9315,0,2.57,77
403,ad dawadimi,28.64,44.3924,24.5077,3,1.76,11
404,sterling,29.58,-77.4286,39.0062,75,4.12,56
405,forster,18.49,152.5167,-32.1667,4,0.99,58
406,majene,27.66,118.9707,-3.5403,97,1.79,79
407,richards bay,15.23,32.0377,-28.783,0,2.81,81
408,starocherkasskaya,21.52,40.0419,47.2408,0,4.89,57
409,tralee,13.8,-9.7026,52.2704,11,2.09,97
410,nadi,28.0,177.4167,-17.8,75,4.63,57
411,summerside,17.15,-63.7876,46.3959,100,3.6,100
412,khadzhalmakhi,18.08,47.1821,42.42,0,1.19,76
413,chegdomyn,24.13,133.0167,51.1167,0,1.94,31
414,alo,23.86,6.7371,7.4178,100,1.42,98
415,albuquerque,26.92,-106.6511,35.0845,75,3.09,42
416,qamdo,7.76,97.2333,31.1667,100,2.5,74
417,semey,30.12,80.2275,50.4111,0,4.0,39
418,penzance,14.38,-5.5371,50.1186,3,0.75,91
419,ascension,28.32,-90.9001,30.2169,75,1.54,85
420,iskateley,10.07,53.1512,67.6803,99,5.69,69
421,melendugno,21.05,18.3368,40.2747,0,5.78,100
422,viriat,14.97,5.2157,46.2548,39,2.24,90
423,kittila,12.08,24.8936,67.6647,100,2.57,87
424,nueva palmira,8.04,-58.4167,-33.8833,65,4.2,70
425,illizi,34.89,8.4667,26.4833,15,4.06,11
426,abepura,26.45,140.5833,-2.6333,20,2.06,94
427,ridder,25.86,83.5133,50.355,100,1.13,55
428,puerto leguizamo,23.04,-74.7819,-0.1934,98,0.81,97
429,malanje,15.07,16.341,-9.5402,0,2.44,50
430,st. john's,14.99,-52.7093,47.5649,75,8.23,77
431,anar darah,29.01,61.654,32.7587,0,5.17,30
432,tshabong,10.2,22.45,-26.05,0,5.24,66
433,itaituba,24.52,-55.9836,-4.2761,17,1.08,76
434,sorong,27.78,131.25,-0.8833,89,2.21,80
435,mount pearl,14.52,-52.7813,47.5166,75,8.23,77
436,smithers,19.18,-127.1743,54.7804,40,8.23,37
437,port-vila,27.78,168.3219,-17.7338,75,3.6,74
438,goz beida,26.74,20.55,13.95,99,4.46,63
439,mont-dore,26.11,166.5833,-22.2833,75,3.23,99
440,chimoio,14.54,33.4833,-19.1164,58,3.57,94
441,seydi,29.58,62.9137,39.4816,11,3.64,23
442,ihosy,13.48,46.1167,-22.4,21,3.5,95
443,sanctuary point,15.65,150.629,-35.1114,54,2.43,41
444,sogamoso,11.22,-72.9339,5.7143,56,1.43,93
445,el nido,26.08,119.3956,11.1858,100,1.86,87
446,conde,22.7,-34.9075,-7.2597,40,1.03,100
447,natal,23.12,-35.2094,-5.795,75,1.54,94
448,mitchell,25.99,-98.0298,43.7094,0,4.12,73
449,tual,26.07,132.75,-5.6667,78,6.99,88
450,boke,24.83,-14.2967,10.9409,100,1.64,95
451,magadan,11.43,150.8,59.5667,68,3.75,81
452,witu,24.8,40.4382,-2.3889,82,6.49,76
453,okha,12.32,142.9478,53.5739,9,7.63,71
454,elliot lake,14.35,-82.6331,46.3834,100,1.97,98
455,camrose,20.74,-112.8353,53.0168,65,0.28,82
456,brookings,23.54,-96.7984,44.3114,0,3.09,69
457,kargil,12.78,76.1,34.5667,23,1.36,47
458,guane,24.86,-84.0875,22.2025,100,2.18,84
459,queenstown,9.96,26.8753,-31.8976,0,2.47,59
460,mikun',9.08,50.0771,62.3547,28,3.5,61
461,mossendjo,19.24,12.7261,-2.9506,89,1.32,99
462,villanueva,24.9,-88.0,15.3167,100,0.52,97
463,lazaro cardenas,26.8,-102.2,17.9583,78,0.3,81
464,arraial do cabo,22.76,-42.0278,-22.9661,0,6.55,81
465,charleston,27.67,-79.9309,32.7766,0,5.14,89
466,ariquemes,24.13,-63.0408,-9.9133,22,0.78,58
467,zhangjiakou,23.6,114.8794,40.81,1,4.45,30
468,santa vitoria do palmar,9.14,-53.3681,-33.5189,91,3.55,85
469,piura,20.87,-80.6333,-5.2,0,5.63,69
470,al lagowa,24.78,29.1333,11.4,99,4.08,66
471,nungwi,24.89,39.2987,-5.7265,34,6.21,75
472,katsuren-haebaru,32.89,127.8719,26.3369,0,7.72,68
473,piriapolis,12.2,-55.2744,-34.8682,75,7.2,68
474,kallupatti,29.98,77.8667,9.7167,100,4.13,56
475,celestun,25.61,-90.4,20.8667,100,4.03,90
476,urucara,24.91,-57.76,-2.5364,43,0.95,78
477,huancavelica,2.66,-74.9833,-12.7667,70,0.27,86
478,sretensk,27.86,117.7093,52.2453,21,2.66,34
479,ayr,10.09,-4.6339,55.4627,20,1.03,93
480,touros,23.95,-35.4608,-5.1989,49,4.12,90
481,shimoda,28.39,138.95,34.6667,96,10.25,74
482,ouallam,28.07,2.0866,14.3188,100,10.64,55
483,manta,24.88,-80.7333,-0.95,75,4.12,83
484,tarapur,27.03,72.7,19.85,100,4.11,86
485,tan-tan,20.3,-11.1032,28.438,89,5.15,81
486,tsiombe,19.52,45.4833,-25.3,5,6.03,77
487,new norfolk,12.18,147.0587,-42.7826,100,1.4,62
488,badger,26.71,-147.5333,64.8,0,2.57,22
489,igarka,22.2,86.5833,67.4667,55,7.18,49
490,zhanjiang,30.35,110.3427,21.2815,100,6.02,74
491,al mughraqah,24.88,34.4121,31.4659,0,2.03,80
492,soledade,16.53,-52.5103,-28.8183,100,1.3,99
493,brandon,25.17,-82.2859,27.9378,0,2.57,89
494,kachug,23.97,105.8817,53.9606,82,1.51,54
495,spring creek,32.83,-115.5859,40.7266,2,3.84,21
496,spring grove,19.34,-88.2365,42.4436,0,0.45,88
497,bu'aale,21.38,42.5833,1.0833,94,2.39,97
498,coihueco,2.41,-71.8333,-36.6167,100,0.51,100
499,alesund,11.7,6.1549,62.4723,55,4.12,69
500,san patricio,28.64,-97.5169,28.017,0,3.04,83
501,kearney,29.99,-99.0815,40.6995,0,5.66,48
502,miragoane,27.46,-73.0876,18.4423,100,2.18,79
503,san fernando,31.85,120.6898,15.0286,83,1.93,61
504,namibe,20.37,12.1522,-15.1961,1,2.55,63
505,kavaratti,27.31,72.642,10.5669,97,10.73,85
506,vila velha,22.97,-40.2925,-20.3297,75,2.06,83
507,crane,30.5,-102.3501,31.3974,0,5.08,28
508,amga,25.69,131.9608,60.8953,40,2.81,26
509,ponta delgada,21.4,-25.6667,37.7333,75,3.09,83
510,alice town,28.3,-79.3,25.7167,100,5.35,76
511,robore,23.93,-59.75,-18.3333,2,1.76,55
512,puerto quijarro,23.67,-57.7667,-17.7833,2,1.17,53
513,laramie,24.46,-105.5911,41.3114,20,4.63,21
514,le port,19.98,55.2919,-20.9373,15,3.33,75
515,koungou,25.84,45.2042,-12.7336,75,7.72,73
516,luderitz,16.9,15.1594,-26.6481,0,4.39,53
517,broken hill,14.13,141.4333,-31.95,65,9.5,41
518,kralendijk,28.99,-68.2667,12.15,75,6.17,79
519,suoyarvi,12.2,32.35,62.0833,98,1.7,74
520,zelenogorskiy,26.39,87.0,55.0333,74,1.91,58
521,pishva,27.14,51.7267,35.308,2,4.87,36
522,jodhpur,32.15,73.03,26.2867,100,7.13,51
523,dzhetygara,15.72,61.2006,52.1908,86,6.67,76
524,peterhead,11.22,-1.7981,57.5058,10,4.97,92
525,pangoa,21.88,-73.0,-12.1167,49,1.35,84
526,meizhou,32.39,116.1072,24.2977,100,2.25,62
527,basco,30.12,121.9702,20.4487,34,6.57,77
528,sarkand,30.33,79.9186,45.41,94,1.75,33
529,qusmuryn,20.44,64.6311,52.4503,7,7.63,60
530,ingeniero jacobacci,0.38,-69.5448,-41.3427,20,1.47,77
531,dzhambeyty,16.43,52.595,50.2536,6,9.7,66
532,gabu,24.86,-14.2167,12.2833,94,2.65,93
533,chernyshevskiy,22.47,112.4714,63.0128,79,2.45,33
534,leer,12.18,7.461,53.2316,0,1.2,95
535,bosobolo,21.53,19.9,4.1833,99,0.09,95
536,braunton,15.64,-4.1613,51.1085,21,1.24,95
537,paramonga,17.31,-77.8333,-10.6667,19,3.97,85
538,praia,23.3,-23.5087,14.9215,20,6.17,78
539,puerto ayacucho,24.15,-67.6236,5.6639,99,0.85,93
540,shchekino,13.71,37.5119,54.0092,99,3.25,87
541,nova sintra,19.92,-24.7167,14.8667,12,4.45,81
542,chaohu,27.28,117.8667,31.6,100,2.79,71
543,cuatro cienegas de carranza,28.62,-102.0833,26.9833,78,3.31,56
